id;title;url;image
1;Handmade Cotton Table CSS;https://juliana.name;cyan programming digital
2;real-time;http://willis.org;Baht radical solid state
3;mobile intuitive high-level;http://jarvis.name;generate
4;Designer calculating;http://jarod.name;Accountability
5;Texas auxiliary;https://maxwell.com;Representative software
6;Bedfordshire calculating Toys;http://raymundo.name;Games
7;Personal Loan Account bleeding-edge payment;http://hilda.com;ivory Mouse
8;programming Licensed Plastic Bacon Consultant;https://jeff.info;Yen Fish online
9;turn-key Australian Dollar;http://myrl.com;transmitting grow
10;Practical Granite Chicken;https://grady.org;Ports
